Name,R-Sho,L-Sho,L-Elb,R-Elb,L-Wr,R-Wr,L-Hip,R-Hip,L-Knee,R-Knee,L-Ank,R-Ank,Color,Class
V_1-frame1.jpg,0.32,0.24,0.73,0.45,0.56,0.6,1.07,1,1.62,1.66,0,0,blue,NV
V_1-frame1.jpg,0.2,0.21,0.64,0.63,0.97,0.97,1.01,1,1.58,1.43,0,0,lime,NV
V_1-frame3.jpg,0.32,0.24,0.73,0.45,0.56,0.6,1.07,1,1.62,1.66,0,0,blue,NV
V_1-frame3.jpg,0.2,0.21,0.64,0.63,0.97,0.97,1.01,1,1.58,1.43,0,0,lime,NV
V_1-frame7.jpg,0.3,0.29,0.68,0.42,0.52,0.56,1.01,1,1.52,1.56,0,0,blue,NV
V_1-frame7.jpg,0.23,0.28,0.7,0,0.96,0,1.01,1,0,0.01,0,0,lime,V
V_1-frame14.jpg,0.15,0.23,0.66,0,0.94,0,1.06,1,0,0,0,0,blue,V
V_1-frame14.jpg,0.31,0.31,0.73,0.45,0.56,0.6,1.07,1,1.62,1.66,0,0,lime,NV
V_1-frame19.jpg,0.17,0.2,0.86,0,1,0,1.08,1,0,0.01,0,0,blue,V
V_1-frame19.jpg,0.29,0.29,0.68,0.42,0.52,0.56,1.01,1,0,1.56,0,0,lime,NV
V_1-frame22.jpg,0.24,0.28,0.93,0,1.07,0,1.16,1,0.01,0.01,0,0,blue,V
V_1-frame22.jpg,0.28,0.29,0.74,0.46,0.59,0.6,1.07,1,1.58,1.62,0,0,lime,NV
V_1-frame27.jpg,0.16,0.25,0,0,0,0,1.03,1,1.54,1.56,0,0,blue,V
V_1-frame27.jpg,0.29,0.3,0.79,0.42,0.59,0.58,1.03,1,1.62,1.65,0,0,lime,NV
V_1-frame28.jpg,0.16,0.25,0,0,0,0,1.03,1,1.54,1.56,0,0,blue,V
V_1-frame28.jpg,0.29,0.3,0.79,0.42,0.59,0.58,1.03,1,1.62,1.65,0,0,lime,NV
V_1-frame30.jpg,0.2,0.26,0,0,0,0,1.01,1,1.55,0.01,0,0,blue,V
V_1-frame30.jpg,0.3,0.23,0.74,0.46,0.59,0.61,1,1,1.58,1.62,0,0,lime,NV
V_1-frame34.jpg,0.2,0.26,0,0,0,0,1.01,1,1.54,0.01,0,0,blue,V
V_1-frame34.jpg,0.29,0.23,0.68,0.46,0.52,0.61,1,1,1.58,1.64,0,0,lime,NV
V_1-frame35.jpg,0.2,0.26,0,0,0,0,1.01,1,1.54,0.01,0,0,blue,V
V_1-frame35.jpg,0.29,0.23,0.68,0.46,0.52,0.61,1,1,1.58,1.64,0,0,lime,NV
V_1-frame38.jpg,0.2,0.3,0,0,0,0,1.08,1,1.61,1.65,0,0,blue,V
V_1-frame38.jpg,0.29,0.22,0.68,0.46,0.52,0.61,1.01,1,1.59,1.64,0,0,lime,NV
V_1-frame50.jpg,0.31,0.42,0.95,0.65,1.22,0.69,1.11,1,0.01,0.01,0,0,blue,V
V_1-frame50.jpg,0.23,0.29,0.79,0.58,0.47,0.6,1.05,1,1.65,1.63,0,0,lime,NV
V_1-frame51.jpg,0.29,0.26,0.7,0,1.1,0,0.98,1,1.51,0,0,0,blue,V
V_1-frame51.jpg,0.22,0.23,0,0.62,0,0.65,1.02,1,1.62,1.59,0,0,lime,NV
V_1-frame58.jpg,0.24,0.3,0.8,0.67,0.89,0.76,1.01,1,1.58,1.64,0,0,blue,NV
V_1-frame58.jpg,0.23,0.3,0.86,0,0,0,1.17,1,0.01,0.01,0,0,lime,V
V_1-frame59.jpg,0.24,0.3,0.8,0.67,0.89,0.76,1.01,1,1.58,1.64,0,0,blue,NV
V_1-frame59.jpg,0.23,0.3,0.85,0,0,0,1.17,1,0.01,0.01,0,0,lime,V
V_1-frame65.jpg,0.25,0.32,0.78,0.63,0.94,0.78,1.02,1,1.59,1.73,0,0,blue,NV
V_1-frame65.jpg,0.2,0.28,0.61,0,0,0,1.14,1,1.76,1.58,0,0,lime,V
V_1-frame70.jpg,0.27,0.26,0,0.67,0,0.85,1.01,1,1.67,1.82,0,0,blue,NV
V_1-frame70.jpg,0.27,0.2,0.53,0,1.37,0,1.06,1,1.68,1.54,0,0,lime,V
V_1-frame71.jpg,0.27,0.26,0,0.67,0,0.85,1.01,1,1.67,1.82,0,0,blue,NV
V_1-frame71.jpg,0.27,0.2,0.53,0,1.37,0,1.06,1,1.68,1.54,0,0,lime,V
V_1-frame73.jpg,0.29,0.26,0,0.66,0,0.81,0.96,1,1.62,1.79,0,0,blue,NV
V_1-frame73.jpg,0.12,0.08,0.32,0,0,0,0.63,1,1,0,0,0,lime,V
V_1-frame77.jpg,0.26,0.21,0,0.74,0,0.87,1,1,1.8,1.9,0,0,blue,NV
V_1-frame77.jpg,0.18,0.13,0.35,0,0.19,0,0.66,1,1.06,0,0,0,lime,V
V_1-frame78.jpg,0.26,0.21,0,0.74,0,0.87,1,1,1.8,1.9,0,0,blue,NV
V_1-frame78.jpg,0.18,0.13,0.35,0,0.19,0,0.66,1,1.06,0,0,0,lime,V
V_1-frame83.jpg,0.39,0.39,1.24,0,1.83,0,1.34,1,2.25,0.01,0,0,blue,V
V_1-frame89.jpg,0.4,0.39,1.12,0,1.78,0,1.34,1,2.14,0.01,0,0,blue,V
V_1-frame92.jpg,0.38,0.53,1.21,0.6,1.79,0,1.35,1,2.08,0.01,0,0,blue,V
V_1-frame93.jpg,0.38,0.53,1.21,0.6,1.79,0,1.35,1,2.08,0.01,0,0,blue,V
V_1-frame99.jpg,0.28,0.32,0.79,0.44,1.2,0,0.9,1,1.43,1.89,0,0,blue,V
V_1-frame100.jpg,0.23,0.45,1.09,0.65,1.62,0,1.22,1,1.87,0.01,0,0,blue,V
V_6-frame6.jpg,0.24,0.24,1.14,0.51,1.22,0.74,0.96,1,1.63,1.67,2.16,2.14,blue,V
V_6-frame6.jpg,0.3,0.3,0.95,0,1.38,0,1.08,1,1.84,1.59,0.01,0.01,lime,V
V_6-frame6.jpg,0.31,0.3,0.69,0.69,0,0,0.99,1,1.6,1.66,2.2,2.26,red,NV
V_6-frame9.jpg,0.22,0.22,0.64,0.47,0,0.78,0.89,1,1.52,1.5,1.99,2,blue,V
V_6-frame9.jpg,0.24,0.35,0.95,0.6,1.39,1.01,1.08,1,1.86,1.59,0.01,0.01,lime,V
V_6-frame9.jpg,0.3,0.3,0.69,0.69,1.14,0,1,1,1.6,1.65,2.2,2.26,red,NV
V_6-frame12.jpg,0.23,0.23,0,0.44,0,0.79,0.93,1,1.57,1.6,2.07,2.15,blue,V
V_6-frame12.jpg,0.27,0.28,0.87,0.56,1.26,1.01,1.05,1,1.78,1.5,0.01,0,lime,V
V_6-frame12.jpg,0.28,0.35,0.71,0.61,1.14,0,1.01,1,1.59,1.56,2.16,2.13,red,NV
V_6-frame17.jpg,0.23,0.21,0.91,0.42,1.02,0.84,0.93,1,1.46,1.64,2.02,2.19,blue,V
V_6-frame17.jpg,0.29,0.3,0,0.65,0,1.08,1.04,1,0,1.52,0.01,0.01,lime,V
V_6-frame17.jpg,0.3,0.3,0.76,0.65,0,0,1.08,1,1.72,1.66,2.37,2.27,red,NV
V_6-frame22.jpg,0.23,0.28,0.93,0.32,0.92,0.79,0.87,1,1.45,1.6,1.95,2.19,blue,V
V_6-frame22.jpg,0.29,0.24,0,0.64,0,1.12,1.04,1,1.86,1.64,0.01,0.01,lime,V
V_6-frame22.jpg,0.28,0.29,0.77,0.52,0,0,1.02,1,1.62,1.56,2.29,2.13,red,NV
V_6-frame29.jpg,0.3,0.23,0.69,0.27,0,0.81,0.9,1,1.49,1.7,2.01,2.25,blue,V
V_6-frame29.jpg,0.23,0.19,0,0.6,0,0,1.06,1,1.91,1.64,0.01,0.01,lime,V
V_6-frame29.jpg,0,0.21,0.75,0,1.03,0,1.02,1,1.57,1.49,1.95,1.74,red,NV
V_6-frame32.jpg,0.3,0.23,0.69,0.32,0.85,0.81,0.9,1,1.49,1.7,2.01,2.25,blue,V
V_6-frame32.jpg,0.23,0.19,0,0,0,0,1.06,1,1.91,1.64,0.01,0.01,lime,V
V_6-frame32.jpg,0,0.21,0.74,0,1.02,0,1.01,1,1.55,1.48,1.93,0.01,red,NV
V_6-frame40.jpg,0.24,0.16,0,0,0,0,1.15,1,1.43,1.39,1.8,0.01,blue,NV
V_6-frame40.jpg,0.32,0.24,0.83,0.4,1.22,0.57,0.95,1,1.59,1.6,2.15,2.23,lime,V
V_6-frame40.jpg,0.19,0.19,0,0,0,0,1.07,1,2,1.63,0.01,0.01,red,V
V_6-frame44.jpg,0.32,0.24,0.83,0.49,1.32,0.75,0.88,1,1.52,1.59,2.15,2.15,blue,V
V_6-frame44.jpg,0.13,0.13,0,0.45,0,0.39,1.02,1,2,1.61,0.01,0.01,lime,V
V_6-frame49.jpg,0.11,0,0.67,0,0,0,1.13,1,1.61,1.64,2.06,0.01,blue,NV
V_6-frame49.jpg,0.09,0.12,0.55,0,0.53,0,1.18,1,2.44,1.94,0.01,0.01,lime,V
V_6-frame49.jpg,0.34,0.25,0.74,0.58,1.26,1.15,0.91,1,1.57,1.57,2.15,2.33,red,V
V_6-frame54.jpg,0.32,0.23,0.77,0.83,0.83,0.68,1.22,1,2.13,1.59,2.65,1.93,blue,NV
V_6-frame54.jpg,0.27,0.34,0.69,0.69,1.33,1.4,0.94,1,1.63,1.64,2.23,2.42,lime,V
V_6-frame54.jpg,0,0.38,1.52,0,1.71,0,1.4,1,2.76,0.01,0.01,0.01,red,V
V_6-frame56.jpg,0.28,0.25,0.68,0,0.72,0,1.11,1,1.94,1.48,2.39,0.01,blue,NV
V_6-frame56.jpg,0.46,0.59,1.36,0,1.64,0,1.36,1,2.75,0.01,0.01,0.01,lime,V
V_6-frame56.jpg,0.26,0.33,0.65,0.73,1.2,1.34,0.9,1,1.55,1.58,2.12,2.3,red,V
V_6-frame74.jpg,0.28,0.28,0.52,0.77,0.92,1.34,0.93,1,1.56,1.66,2.02,2.37,blue,NV
V_6-frame74.jpg,0,0.21,0.43,0,0.49,0,0,1,0,1.35,0,1.56,lime,V
V_6-frame77.jpg,0.32,0.29,0,0,0,0,1.04,1,1.84,1.56,2.19,1.94,blue,NV
V_6-frame77.jpg,0.28,0.28,0.52,0.85,0.92,1.35,0.93,1,1.63,1.68,2.03,2.38,lime,NV
V_6-frame78.jpg,0.31,0.29,0,0,0,0,1.04,1,1.84,1.56,2.18,1.93,blue,NV
V_6-frame78.jpg,0.28,0.28,0.52,0.85,0.92,1.35,0.93,1,1.63,1.68,2.03,2.38,lime,NV
V_6-frame81.jpg,0.23,0.28,0,0.52,0,0,1,1,1.77,1.52,2.09,1.95,lime,NV
V_6-frame81.jpg,0.27,0.27,0.5,0.83,0.86,1.32,1.01,1,1.59,1.72,1.99,2.36,red,NV
V_6-frame94.jpg,0.24,0.21,0,0.49,0,0.06,0,1,0,1.5,0.01,0.01,blue,NV
V_6-frame94.jpg,0.25,0.16,0.4,0.71,0.74,1.28,0.97,1,1.5,1.52,1.84,2.18,lime,NV
V_6-frame95.jpg,0.2,0.16,0.53,0.53,0,0.56,1.03,1,1.61,1.52,1.9,0.01,blue,NV
V_6-frame95.jpg,0.21,0.17,0.53,0.81,0.79,1.36,1.03,1,1.54,1.63,2.06,2.25,lime,NV
V_6-frame100.jpg,0.2,0.24,0,0.41,0,0.08,1.03,1,1.62,1.46,1.91,0.01,blue,NV
V_6-frame100.jpg,0.23,0.17,0.53,0.75,0.8,1.38,0.94,1,1.54,1.55,2.09,2.33,lime,NV
V_6-frame107.jpg,0.24,0.32,0,0.5,0,0.65,0.98,1,1.79,1.63,2.17,0.01,blue,NV
V_6-frame107.jpg,0.18,0.27,0,0.77,0,1.38,0.99,1,1.67,1.6,2.15,2.29,lime,NV
V_6-frame111.jpg,0.23,0.28,0,0.51,0,0.69,1.05,1,1.72,1.51,2.06,0.01,blue,NV
V_6-frame111.jpg,0.16,0.25,0.55,0.72,0.96,1.28,0.93,1,1.57,1.54,2.12,2.21,lime,NV
V_6-frame120.jpg,0.23,0.26,0,0.48,0,0.12,1.05,1,1.7,1.5,2.02,0.01,blue,NV
V_6-frame120.jpg,0.21,0.18,0.42,0.62,0.52,0,1.01,1,0,0,0,0,lime,V
V_6-frame120.jpg,0.24,0.27,0.57,0.72,0.98,1.21,1.01,1,1.6,1.57,2.17,2.19,red,NV
V_6-frame123.jpg,0.24,0.28,0,0.5,0,0.07,1.07,1,1.73,1.51,2.07,0.01,blue,NV
V_6-frame123.jpg,0.21,0.19,0.44,0.65,0.53,0,0.36,1,0.67,0,0.65,0,lime,V
V_6-frame123.jpg,0.21,0.27,0.57,0.66,0.98,1.19,1.01,1,1.6,1.57,2.09,2.18,red,NV
V_6-frame127.jpg,0.29,0.3,0.75,0.53,0,0.07,1.14,1,1.83,1.54,2.13,0.01,blue,NV
V_6-frame127.jpg,0.5,0.42,0.93,1.61,1.33,0,0.93,1,1.59,0.01,1.62,0.01,lime,V
V_6-frame127.jpg,0.21,0.29,0.62,0.72,0.98,1.19,1.01,1,1.6,1.65,2.1,2.19,red,NV
V_6-frame133.jpg,0.34,0.33,0.89,0.55,1.34,0.08,1.15,1,1.88,1.6,2.22,0.01,blue,NV
V_6-frame133.jpg,0.47,0.5,1,1.51,1.4,0,0.93,1,1.75,0.01,1.77,0.01,lime,V
V_6-frame133.jpg,0.26,0.26,0.59,0.7,0.97,1.14,0.97,1,1.49,1.55,1.9,2.05,red,NV
V_37-frame6.jpg,0.25,0.25,0.63,0.67,0.39,1.15,1.03,1,0,0.01,0,0,blue,NV
V_37-frame6.jpg,0.16,0.16,0.5,0.5,0.7,0.01,0.96,1,1.75,1.77,2.52,2.4,lime,NV
V_37-frame6.jpg,0.19,0.2,0.01,0.01,0.01,0.01,1.31,1,2.27,0.02,0,0,red,NV
V_37-frame6.jpg,0.35,0.27,0.72,0.67,0.9,0.45,1.02,1,0,0.01,0,0,black,NV
V_37-frame6.jpg,0.27,0.36,0.77,0,0.01,0.01,1.06,1,0,0.01,0,0,white,NV
V_37-frame6.jpg,0.29,0.29,0,0.58,0.01,0.94,1.04,1,1.72,1.7,0,0,cyan,NV
V_37-frame6.jpg,0.25,0.33,0.7,0.63,0.92,0.89,1.04,1,1.67,1.66,0,2.31,yellow,NV
V_37-frame6.jpg,0.23,0.33,0.62,0.64,0.99,1.02,1.02,1,0,1.57,0,0,magenta,NV
V_37-frame6.jpg,0.23,0.33,0.62,1.35,0.16,0.01,0.99,1,1.72,1.67,0,0,blue,NV
V_37-frame12.jpg,0.22,0.23,0.71,0.57,1.23,1.12,1.05,1,0,0.01,0,0,blue,NV
V_37-frame12.jpg,16,16,64.76,0.62,50.6,1.15,99.3,1,189.55,1.72,0.02,0.02,lime,NV
V_37-frame12.jpg,0.28,0.28,0.77,0.61,0.92,0.01,1.03,1,0,0.01,0,0,red,NV
V_37-frame12.jpg,0.28,0.28,0,0.61,0.01,0.94,1.03,1,0,0.01,0,0,black,NV
V_37-frame12.jpg,0.18,0.19,0,0.57,0.01,0.01,0.93,1,1.55,1.63,2.01,0,white,NV
V_37-frame12.jpg,0.23,0.29,0.58,0.54,0.99,0.9,1.04,1,1.75,1.71,0,2.32,cyan,NV
V_37-frame12.jpg,0.16,0.32,0.55,0,0.98,0.01,1.04,1,0,1.54,0,0,yellow,NV
V_37-frame12.jpg,0.37,0.29,0.7,1.35,0.13,0.01,1.06,1,1.79,1.75,0,0,magenta,NV
V_37-frame23.jpg,0.25,0.36,0.7,0.61,1.14,0.93,1.08,1,1.82,1.74,2.43,2.44,blue,NV
V_37-frame28.jpg,0.31,0.32,0.66,0.66,1.01,0.92,0.97,1,1.88,1.78,0,0,blue,NV
V_37-frame34.jpg,0.33,0.21,0.55,0.01,0.26,0.01,0.97,1,1.9,1.76,2.67,2.52,blue,NV
V_37-frame34.jpg,0.26,0.34,0.59,0.58,1,0.93,1.04,1,1.74,1.79,2.33,2.48,lime,NV
V_37-frame34.jpg,0.35,0.28,0,0.74,0.01,0.01,0.98,1,0,0.01,0,0,red,NV
V_37-frame44.jpg,0.38,0.43,0.85,0.96,0.01,0.46,0.88,1,0,0.02,0,0,blue,NV
V_37-frame44.jpg,0.46,0.31,0.01,1,0.01,0.64,0.82,1,0,0.02,0,0,lime,NV
V_37-frame44.jpg,0.25,0.24,0.6,0.6,0.01,0.92,0.98,1,0,0.01,0,0,red,NV
V_37-frame44.jpg,0.21,0.16,0,0.58,0,0.29,0.69,1,0,0.01,0,0,black,V
V_37-frame47.jpg,1.98,0.25,0.01,2.32,0.02,2.67,1.25,1,0,0.03,0,0,blue,NV
V_37-frame47.jpg,0.46,0.33,0.68,0.85,0.01,0.36,0.97,1,0,0.02,0,0,lime,NV
V_37-frame47.jpg,0.22,0.36,0.69,0.82,0.01,0.01,0.99,1,0,1.57,0,0,red,NV
V_37-frame47.jpg,0.25,0.33,0.7,0,1.09,0.01,1.02,1,1.67,1.67,0,0,black,NV
V_37-frame57.jpg,0.32,0.27,0.57,0.78,0,0,0.97,1,1.51,1.63,0,0,blue,NV
V_37-frame58.jpg,0.32,0.28,0.64,0.69,0.59,0.43,0.97,1,1.51,0.01,0,0,blue,NV
V_37-frame58.jpg,0.03,0.01,0.02,0.02,0.03,0.04,1,1,1.97,1.97,0,0,lime,NV
V_37-frame62.jpg,22.02,34.89,188.6,0.62,267.44,1.15,147.68,1,190.38,1.72,0.02,0.02,blue,V
V_37-frame62.jpg,0.32,0.27,0.61,0.78,0.61,0.5,0.97,1,0,0.01,0,0,lime,NV
V_37-frame65.jpg,0.26,0.3,0.62,0.61,0.63,0.45,0.95,1,1.47,1.52,0,0,blue,NV
V_37-frame82.jpg,0.14,0.14,0.01,0.01,0.01,0.01,0.01,1,0,2.12,0,2.99,blue,NV
V_37-frame82.jpg,0.43,0.9,1.19,0.5,1.28,0.93,1.26,1,1.8,1.62,2.21,2.02,lime,NV
V_37-frame82.jpg,0.12,0.09,0,0.63,0.01,1.01,0.83,1,1.35,0.01,1.99,0,red,V
V_37-frame82.jpg,0.32,0.35,0.49,0.6,0.36,0.87,0.92,1,1.71,1.68,2.38,2.36,black,NV
V_37-frame82.jpg,0.31,0,0.01,0.67,0.01,1.05,1.12,1,0,1.77,0,2.55,white,NV
V_37-frame82.jpg,0.28,0.39,0.79,0.63,1.13,0.55,1.09,1,1.66,1.67,0,0,cyan,NV
V_37-frame82.jpg,0.22,0,0,0,0.01,0.01,0.94,1,1.5,1.55,0,0,yellow,NV
V_37-frame82.jpg,0.31,0.29,0.63,0.92,0.01,0.01,0.91,1,1.37,1.81,1.84,0,magenta,V
V_37-frame82.jpg,0,1.6,0.01,0.01,0.01,0.01,1,1,1.67,0.02,2.33,0,blue,NV
V_37-frame86.jpg,0.15,0.27,0.01,0.33,0.01,0.01,0.91,1,1.85,1.8,0,2.56,blue,NV
V_37-frame86.jpg,0.25,0.25,0.69,0.69,1.08,1.37,1,1,1.73,1.86,2.24,2.32,lime,NV
V_37-frame86.jpg,33.54,31.02,100.26,107,181.8,175.31,144.59,1,0.01,1.72,0.02,0.02,red,V
V_37-frame86.jpg,0.31,0.17,0.58,0.72,0.37,1.01,0.99,1,1.8,1.79,2.6,2.6,black,NV
V_37-frame86.jpg,0.32,0.22,0.59,0.59,0.48,1.03,1.04,1,1.85,1.94,3,0,white,NV
V_37-frame86.jpg,0.24,0.28,0.72,0.71,1.17,0.49,0.99,1,1.61,1.64,0,0,cyan,NV
V_37-frame86.jpg,0.18,0.25,0.72,0,0.59,0.01,0.94,1,1.7,1.89,1.71,0,yellow,V
V_37-frame86.jpg,0,0.29,0.63,0.01,0.28,0.01,1.04,1,1.79,1.78,2.41,2.41,magenta,NV
V_37-frame96.jpg,0.12,0.13,0,0.53,0.01,0.83,0.87,1,0,0.01,0,0,blue,V
V_37-frame96.jpg,0.32,0.32,0.84,0.7,1.12,1.12,1,1,1.89,1.89,2.8,2.51,lime,NV
V_37-frame96.jpg,0.89,0.18,0.4,0.01,0.65,0.01,0.57,1,1.09,1.1,1.62,1.61,red,NV
V_37-frame96.jpg,0.41,0.29,0.67,0.7,0.02,0.02,1.2,1,0,0.03,0,0,black,NV
V_37-frame96.jpg,0.33,0.32,0.68,0.01,0.95,0.01,1.04,1,1.85,1.79,0,0,white,NV
V_37-frame96.jpg,1.18,0.29,1.18,1.61,0.87,1.62,0.92,1,1.63,1.82,3.2,2.56,cyan,NV
V_37-frame96.jpg,0.28,0.4,0.87,0.01,1.36,0.01,0.97,1,1.78,1.8,0,0,yellow,NV
V_37-frame96.jpg,0.27,0.29,0.85,0.65,1.28,0.83,1.05,1,1.83,1.89,2.27,0,magenta,V
V_37-frame104.jpg,0.26,0.25,0.97,0.69,1,0.9,1,1,1.92,1.72,2.7,2.74,blue,NV
V_37-frame104.jpg,0.32,0.32,0.48,0.87,0.99,1.37,0.93,1,1.87,1.89,2.51,2.52,lime,NV
V_37-frame104.jpg,0.31,0.32,0.47,0.52,0.16,0.01,1.04,1,0,1.8,0,0,red,NV
V_37-frame104.jpg,0.13,0.23,0.57,0.48,0.84,0.84,0.01,1,0,1.51,0,2.1,black,NV
V_37-frame104.jpg,0.16,0.28,0.01,0.01,0.01,0.01,1.09,1,1.78,0.02,2.22,0,white,NV
V_37-frame104.jpg,0.4,0.28,0.8,0.83,1.27,0.81,1.09,1,1.78,1.8,2.47,0,cyan,NV
V_37-frame104.jpg,0.25,0.28,0.85,0.63,0.01,0.85,1.08,1,1.06,1.91,1.89,0,yellow,V
V_37-frame106.jpg,0.24,0.46,0.68,0.68,0.88,0.9,1,1,1.7,1.69,0,2.4,blue,NV
V_37-frame106.jpg,0.18,0.33,0.46,0.54,0.21,1.01,1.19,1,2,1.84,0,0,lime,NV
V_37-frame106.jpg,0.28,0.28,0.71,0.64,0.43,0.72,0.01,1,0,1.71,0,2.42,red,NV
V_37-frame106.jpg,0.28,0.16,0.6,0.01,0.01,0.01,1.04,1,1.77,1.87,2.09,1.92,black,NV
V_37-frame106.jpg,0.28,0.4,0.8,0.83,1.17,0.82,1.09,1,1.78,1.68,2.47,0,white,NV
V_37-frame106.jpg,0.28,0.29,0.86,0.57,0.01,0.84,1.08,1,1.08,1.91,1.82,0,cyan,V
V_37-frame117.jpg,0.26,0.32,0.56,0.56,0.72,0.89,1,1,1.71,1.71,0,2.21,blue,NV
V_37-frame117.jpg,0.18,0,0.01,0.01,0.01,0.01,0.73,1,1.35,1.43,1.7,1.76,lime,NV
V_37-frame117.jpg,16,16.03,43.14,44.55,68.45,69.32,62.59,1,95.04,1.72,124,0.02,red,NV
V_37-frame117.jpg,0.18,0.31,0.37,0.59,0.16,1.03,1.13,1,1.8,1.8,2.02,0,black,NV
V_37-frame117.jpg,0.15,0.28,0.6,0.52,1.04,0.73,1.01,1,1.71,1.71,2.41,2.43,white,NV
V_37-frame117.jpg,0.39,0.74,0.8,0.85,1.14,0.95,1.1,1,1.87,1.79,2.52,2.48,cyan,NV
V_37-frame117.jpg,0.25,0.36,0.96,0.69,1.37,0.77,1.06,1,1.17,1.41,2.06,2.17,yellow,V
V_37-frame117.jpg,0.01,0.38,0.78,0.01,0.83,0.02,1.06,1,0,1.51,0,0,magenta,NV
V_37-frame121.jpg,0.21,0.4,0.57,0.56,0.01,0.88,1.02,1,1.6,1.6,0,2.21,blue,NV
V_37-frame121.jpg,0.25,0.25,0.68,0.7,1.08,1.1,1,1,1.51,1.51,2.23,2.23,lime,NV
V_37-frame121.jpg,0.25,0.97,0.68,0.67,0.87,0.89,1.37,1,1.5,1.7,2.2,2.2,red,NV
V_37-frame121.jpg,0.17,0.33,0.38,0.52,0.16,0.89,1.01,1,1.81,1.68,0,1.86,black,NV
V_37-frame121.jpg,0.31,0.28,0.01,0.71,0.01,0.96,1.03,1,1.73,1.73,2.43,2.44,white,NV
V_37-frame121.jpg,0.25,0,0,0.56,0.01,1.06,1,1,1.76,1.76,2.5,2.5,cyan,NV
V_37-frame121.jpg,0.29,0.27,0.7,0.82,1.29,0.95,0.97,1,1.77,1.78,2.46,2.47,yellow,NV
V_37-frame121.jpg,0.23,0.28,0.92,0.7,1.38,1,1.06,1,1.15,1.15,1.98,1.99,magenta,V
V_37-frame126.jpg,0.46,0.25,0.67,0.84,0.7,1.06,1,1,1.71,1.72,2.41,2.42,blue,NV
V_37-frame126.jpg,0.31,0.33,0.9,0.49,0.75,0.75,1.05,1,1.77,0.04,0,0,lime,NV
V_37-frame126.jpg,0.41,0.24,0.5,0.62,0.72,0.81,1.13,1,1.34,1.64,2,2.28,red,NV
V_37-frame126.jpg,0.32,0.32,0.84,0.99,1.11,1.23,0.99,1,1.87,1.9,2.52,2.54,black,NV
V_37-frame126.jpg,0.18,0.31,0.37,0.6,0.16,1.03,1,1,1.69,1.68,2.08,0,white,NV
V_37-frame126.jpg,0.28,0.16,0.52,0.63,1.02,0.01,1,1,1.71,1.71,2.4,2.4,cyan,NV
V_37-frame126.jpg,0.34,0.25,0,0,0.01,0.01,0.98,1,1.71,0.01,2.45,0,yellow,NV
V_37-frame126.jpg,0.29,0.29,0.79,0.73,1.38,0.85,1,1,1.72,1.7,0,0,magenta,NV
V_37-frame126.jpg,0.22,0.15,0.79,0,1.31,0.01,1.03,1,1.3,1.71,2.04,2.21,blue,V
V_37-frame126.jpg,0,0.19,0.29,0.01,0.19,0.01,0.84,1,0,0.02,0,0,lime,NV
V_37-frame128.jpg,0.25,0.48,0.7,0.7,0.88,1.09,1.03,1,1.76,1.75,2.52,2.48,blue,NV
V_37-frame128.jpg,0.34,0.32,0.5,0.73,0.02,0.02,1.06,1,0,0.04,0,0,lime,NV
V_37-frame128.jpg,0.21,0.8,0.56,0.56,0.72,0.74,1.14,1,1.23,1.24,1.81,1.83,red,NV
V_37-frame128.jpg,0.43,0.32,0.67,0.54,1.07,0.76,0.94,1,1.81,1.82,2.38,2.41,black,NV
V_37-frame128.jpg,0.31,0.16,0.36,0.67,0.15,0.93,0.97,1,1.73,1.75,1.99,0,white,NV
V_37-frame128.jpg,0.28,0.28,0.7,0.01,0.72,0.01,1,1,1.7,1.7,2.28,2.27,cyan,NV
V_37-frame128.jpg,0.15,1.02,0.01,0.01,0.01,0.01,0.01,1,0,1.84,0,2.68,yellow,NV
V_37-frame128.jpg,0.27,0.28,1.37,0.83,0.01,0.95,0.97,1,0,1.68,0,2.48,magenta,NV
V_37-frame128.jpg,0.12,0.19,0.85,0,1.35,0.01,1.02,1,1.26,1.69,2.02,2.21,blue,V
V_37-frame130.jpg,0.25,0.47,0.69,0.68,0.77,0.02,1,1,1.73,1.93,2.44,2.43,blue,NV
V_37-frame130.jpg,0.31,0.19,0.52,0.59,0.01,0.01,1,1,1.81,1.65,0,0,lime,NV
V_37-frame130.jpg,0.28,0.29,0.62,0.01,0.72,0.01,1.04,1,1.73,1.71,2.42,2.42,red,NV
V_37-frame130.jpg,0.27,0.24,0,0,0.01,0.01,1.03,1,1.88,1.76,2.63,2.51,black,NV
V_37-frame130.jpg,0.28,0.87,0.01,0.86,0.01,0.82,1.48,1,0,1.65,0,2.47,white,NV
V_37-frame130.jpg,0.2,0.2,0.85,0,0.01,0.01,1.03,1,1.31,1.81,2.05,2.21,cyan,V
V_37-frame130.jpg,0.01,0.25,0.55,0.01,1.54,0.02,1.38,1,1.7,1.71,2.2,2.2,yellow,NV
V_37-frame135.jpg,0.46,0.25,0.67,0.84,0.83,1.02,0.97,1,1.69,1.69,2.16,2.17,blue,NV
V_37-frame135.jpg,0.34,0.32,0.73,0.5,0.32,0.36,1.05,1,0,0.04,0,0,lime,NV
V_37-frame135.jpg,0.19,0.2,0.44,0.89,0.72,1.15,0.81,1,1.26,1.44,1.83,1.95,red,NV
V_37-frame135.jpg,0.32,0.18,0.52,0.69,0.15,0.01,1,1,1.81,1.79,2.18,0,black,NV
V_37-frame135.jpg,0.2,0.2,0.31,0.76,0.3,0.61,1.08,1,1.51,1.77,2.09,2.37,white,NV
V_37-frame135.jpg,0.27,0.28,0.69,0.86,1.18,0.81,0.98,1,1.99,1.8,2.66,2.48,cyan,NV
V_37-frame135.jpg,0.19,0.1,0.78,0,0.01,0.01,1.1,1,1.35,0.01,2.02,0,yellow,V
V_15-frame4.jpg,0.29,0.16,0.67,0.47,0.62,0.62,0.93,1,1.52,1.57,1.99,2.02,blue,NV
V_15-frame4.jpg,0.28,0.28,0.69,0.6,0.9,0.9,1,1,1.56,1.56,2.11,2.12,lime,NV
V_15-frame4.jpg,0.21,0.37,0.7,0.01,1.25,0.01,1.08,1,1.86,1.78,2.58,2.17,red,NV
V_15-frame4.jpg,0.19,0.33,0.81,0.6,0.01,0.25,1.03,1,3.03,1.65,0,2.14,black,NV
V_15-frame11.jpg,0.35,0.27,0.82,0.01,0.66,0.01,1.1,1,1.84,1.74,2.42,2.44,blue,NV
V_15-frame11.jpg,0.33,0.34,0.73,0.6,0.89,0.88,1,1,1.66,1.66,2.31,2.31,lime,NV
V_15-frame11.jpg,0.32,0.18,0.61,0.01,0.98,0.01,1.02,1,1.52,1.49,2.16,1.83,red,NV
V_15-frame11.jpg,0.34,0.31,0.59,0.7,0.6,1.01,0.96,1,2.57,1.47,0,0,black,NV
V_15-frame13.jpg,0.36,0.26,0.83,0.43,0.67,0.01,1.11,1,1.7,1.77,2.45,2.48,blue,NV
V_15-frame13.jpg,0.32,0.33,0.61,0.8,0.88,1.08,0.99,1,1.65,1.8,2.28,2.29,lime,NV
V_15-frame13.jpg,0.33,0.17,0.61,0.6,0.97,0.01,1.02,1,1.65,1.49,2.16,1.98,red,NV
V_15-frame13.jpg,0.31,0.19,0.68,0.68,0.85,1,0.96,1,2.57,1.62,0,0,black,NV
V_15-frame16.jpg,0.19,0.26,0.76,0.42,0.8,0.81,1.1,1,1.68,1.7,2.42,2.44,blue,NV
V_15-frame16.jpg,0.32,0.32,0.6,0.81,0.88,1.08,0.99,1,1.79,1.78,2.45,2.29,lime,NV
V_15-frame16.jpg,0.33,0.17,0.6,0.49,0.98,0.01,1.01,1,1.53,1.51,2.19,1.99,red,NV
V_15-frame16.jpg,0.34,0.47,0.81,0.61,0.96,0.97,1.01,1,1.5,1.53,1.85,1.99,black,V
V_15-frame33.jpg,0.34,0.37,0.63,0.72,1.08,0.99,1.02,1,1.7,1.62,2.42,2.16,blue,NV
V_15-frame33.jpg,0.27,0.42,0.68,0.5,0.01,0.01,0.97,1,1.78,1.68,2.47,2.35,lime,NV
V_15-frame33.jpg,0.35,0.32,0.6,0.59,0.95,0.92,1,1,3.29,0.02,0,0,red,V
V_15-frame33.jpg,0.44,0.21,0.71,0.7,1.01,0.01,1.19,1,1.79,1.77,2.56,2.16,black,NV
V_15-frame41.jpg,0.18,0.35,0.77,0.67,1.06,0.99,0.96,1,1.61,1.52,2.1,2.15,blue,NV
V_15-frame41.jpg,0.18,0.27,0.71,0,0.01,0.01,0.98,1,1.7,1.73,0,0,lime,V
V_15-frame41.jpg,0.33,0.34,0.71,0.69,0.97,1.06,1.04,1,0,1.65,0,0,red,V
V_15-frame41.jpg,0,0.12,0.45,0,0.36,0.01,0.74,1,1.21,1.49,1.7,1.71,black,NV
V_15-frame54.jpg,0.36,0.33,0.77,0,0.01,0.01,1.09,1,0,0.01,0,0,blue,V
V_15-frame54.jpg,0,0.21,0.72,0.01,1.15,0.01,1.19,1,1.79,1.78,2.57,2.17,lime,NV
V_15-frame56.jpg,0.26,0.2,0.71,0.63,1.15,0.01,1.02,1,1.79,1.76,2.56,2.16,blue,NV
V_15-frame62.jpg,0.31,0.32,0.79,0.7,0.5,0.01,1.1,1,1.73,1.62,2.21,2.49,blue,NV
V_15-frame62.jpg,0,0.01,0.65,0.01,1.08,0.01,1.21,1,1.82,0.02,2.6,0,lime,NV
V_15-frame65.jpg,0.31,0.3,0.54,0.66,0.01,0.69,0.91,1,1.29,1.38,1.79,0,blue,V
V_15-frame65.jpg,0.02,0.15,0.6,0.01,1.01,0.01,1.02,1,1.54,1.53,2.19,2.19,lime,NV
V_15-frame65.jpg,0.32,0.32,0.71,0.57,0.63,0.79,0.96,1,1.6,1.62,2.23,0,red,NV
V_15-frame77.jpg,0.2,0.37,0.01,0.01,0.01,0.01,1.12,1,1.67,0.02,2.98,0,blue,V
V_15-frame77.jpg,0.46,0.24,0.86,0.88,0.73,0.02,1.21,1,1.93,1.93,2.86,0,lime,V
V_15-frame77.jpg,0.32,0.31,0.67,0.58,0.57,0.89,0.95,1,1.6,1.62,2.22,2.38,red,NV
V_15-frame88.jpg,0.26,0.45,0.96,0.7,0.85,1.2,1,1,1.92,1.93,5.24,4.35,blue,V
V_15-frame88.jpg,0.34,0.46,0.81,0.6,0.46,0.53,1.04,1,1.67,1.66,2.17,2.31,lime,NV
V_15-frame96.jpg,0.18,0.31,0.82,0.01,0.01,0.01,1.04,1,1.49,0.02,1.98,0,blue,V
V_15-frame96.jpg,0.25,0.25,0,0.61,0.01,0.28,1.02,1,1.5,1.63,2.06,2.15,lime,V
V_15-frame105.jpg,0.3,0.32,0.86,0.69,0.02,1.38,1,1,1.87,1.88,2.48,2.56,blue,NV
V_15-frame105.jpg,0,0.15,0.01,0.01,0.01,0.01,0.95,1,1.67,1.7,2.58,2.5,lime,V
V_15-frame109.jpg,0.47,0.25,0.67,0.67,0.98,1.1,0.98,1,1.69,1.72,0,0,blue,NV
V_15-frame109.jpg,0,0,0.01,0.01,0.01,0.01,0.87,1,1.52,1.67,2.23,2.34,lime,V
V_15-frame109.jpg,0,0,0.01,0.01,0.01,0.01,0.93,1,1.6,1.71,2.47,2.48,red,V
V_15-frame118.jpg,0.26,0.35,0.8,0.76,0.57,0.91,1.08,1,1.92,1.84,0,2.68,blue,V
V_15-frame118.jpg,0.25,0.25,0.69,0.55,1.02,1.02,1,1,1.49,1.51,0,0,lime,NV
V_15-frame118.jpg,0.01,0,0.01,0.01,0.02,0.02,1,1,1.56,1.57,2.32,2.32,red,NV
V_15-frame118.jpg,0,0,0.01,0.01,0.01,0.01,1.01,1,1.62,1.64,2.44,2.42,black,NV
V_15-frame120.jpg,0.36,0.17,0.59,0.6,0.01,0.83,0.9,1,1.59,1.69,2.25,2.21,blue,V
V_15-frame120.jpg,0.25,0.25,0.68,0.55,1,1,0.99,1,1.72,1.71,2.65,2.45,lime,NV
V_15-frame120.jpg,0,0,0.01,0.01,0.01,0.01,1,1,1.6,1.84,2.41,2.22,red,V
V_15-frame134.jpg,0.17,0.16,0.84,0.01,0.01,0.01,1.14,1,0,0.02,0,0,blue,NV
V_15-frame134.jpg,0.01,0.01,0.5,0.51,0.61,0.62,1,1,1.67,1.69,2.21,2.38,lime,NV
V_15-frame134.jpg,0.46,0.25,0.69,0.67,0.99,1.19,0.97,1,1.69,1.75,2.43,2.46,red,NV
V_15-frame141.jpg,0.3,0.22,0.74,0.01,0.01,0.01,1.18,1,0,0.02,0,0,blue,NV
V_15-frame141.jpg,0.02,0.19,0.43,0.8,0.01,0.71,0.99,1,1.48,1.75,2.1,2.58,lime,V
V_15-frame141.jpg,0.3,0.31,0.68,0.57,0.01,0.01,1.09,1,1.72,1.74,2.21,2.2,red,V
V_15-frame141.jpg,0.25,0.46,0.69,0.68,0.88,0.88,1,1,1.5,1.7,2.45,2.44,black,NV
V_15-frame142.jpg,0.3,0.23,0.74,0.01,0.01,0.01,1.18,1,0,0.02,0,0,blue,NV
V_15-frame142.jpg,0.32,0.32,0.7,0.81,0.01,0.01,1.03,1,1.68,1.79,2.31,2.44,lime,NV
V_15-frame142.jpg,0.2,0.01,0.46,0.52,0.51,0.67,0.95,1,1.32,1.62,1.88,2.32,red,V
V_15-frame142.jpg,0.26,0.25,0.68,0.69,0.88,1.08,1,1,1.5,1.72,2.46,2.21,black,NV
V_15-frame161.jpg,50.96,48.38,105.1,100.24,1.05,1.15,122.29,1,0.01,1.72,0.02,0.02,blue,NV
V_15-frame161.jpg,0.25,0.22,0.63,0.59,0.01,0.01,1.02,1,1.8,1.88,0,0,lime,NV
V_15-frame161.jpg,0.15,0.01,0.01,0.65,0.01,0.66,0.97,1,1.58,1.6,2.07,2.22,red,NV
V_15-frame161.jpg,0.25,0.26,0.7,0.69,1.09,1.02,1.01,1,1.74,1.72,2.43,2.21,black,NV
V_15-frame164.jpg,36.77,48.7,116.87,0.62,125.03,1.15,121.66,1,0.01,1.72,0.02,0.02,blue,NV
V_15-frame164.jpg,0.37,0.25,0.61,0.7,0.01,0.01,0.97,1,1.94,1.62,0,1.95,lime,NV
V_15-frame164.jpg,0.14,0,0.01,0.72,0.01,0.75,0.99,1,1.42,1.56,0,1.98,red,NV
V_15-frame164.jpg,0.38,0.21,0.7,0.7,1.05,1,1,1,1.77,1.59,2.37,1.99,black,NV
V_15-frame178.jpg,0.19,0.14,0.79,0.01,0.01,0.01,1.11,1,0,0.02,0,0,blue,NV
V_15-frame178.jpg,0.29,0.28,0.6,0.78,0.01,0.82,1.03,1,1.71,1.72,2.3,2.42,lime,NV
V_15-frame178.jpg,0.13,0.13,0.01,0.7,0.01,0.95,0.99,1,1.58,1.6,2.16,2.31,red,NV
V_15-frame178.jpg,0.17,0.35,0.58,0.62,0.88,1.01,1,1,1.67,1.67,2.18,2.35,black,NV
V_15-frame179.jpg,0.19,0.14,0.79,0.01,0.01,0.01,1.11,1,0,0.02,0,0,blue,NV
V_15-frame179.jpg,0.29,0.41,0.7,0.61,1.02,0.78,1.07,1,1.59,1.7,2.32,2.41,lime,NV
V_15-frame179.jpg,0.19,0.2,0.46,0.7,0.81,1,1,1,1.78,1.77,2.36,2.57,red,NV
V_15-frame179.jpg,0,0,0.01,0.01,0.01,0.01,0.99,1,1.57,1.59,2.15,2.19,black,NV
V_15-frame180.jpg,0.14,0.13,0.68,0.01,0.97,0.01,1.1,1,0,0.02,0,0,blue,NV
V_15-frame180.jpg,0.27,0.27,0.58,0.01,0.01,0.01,0.96,1,1.65,1.56,2.46,2.25,lime,NV
V_15-frame180.jpg,0.16,0.22,0.52,0.73,0.85,1,1,1,1.66,1.66,2.17,2.49,red,NV
V_15-frame180.jpg,0,0.15,0.51,0.01,0.01,0.01,0.99,1,1.79,1.79,0,2.5,black,NV
V_15-frame186.jpg,0.19,0.13,0.78,0.01,1.06,0.01,1.11,1,0,0.02,0,0,blue,NV
V_15-frame186.jpg,0.18,0.25,0,0.67,0.01,0.01,0.95,1,1.57,0.01,0,0,lime,NV
V_15-frame186.jpg,0.21,0.02,0.49,0.66,0.01,1.04,1.01,1,1.52,1.67,1.75,2.35,red,V
V_15-frame186.jpg,0.17,0.16,0.01,0.61,0.01,0.84,0.99,1,1.66,1.67,2.01,2.33,black,NV
V_15-frame191.jpg,0.19,0.13,0.76,0.01,0.97,0.01,1.11,1,0,0.02,0,0,blue,NV
V_15-frame191.jpg,0.15,0.27,0.71,0.01,0.83,0.01,1.07,1,1.66,1.71,2.11,2.42,lime,NV
V_15-frame191.jpg,0.15,0.01,0.01,0.5,0.01,0.83,0.9,1,1.65,1.65,2.17,2.31,red,V
V_15-frame191.jpg,0.18,0.02,0.01,0.68,0.01,1.1,0.95,1,1.7,1.7,2.29,2.41,black,NV
V_15-frame210.jpg,0.32,0.15,0.51,0.63,0.59,0.91,0.91,1,1.6,1.71,2.15,2.3,blue,NV
V_15-frame210.jpg,0.02,0.17,0.49,0.73,0.66,1.15,0.99,1,1.5,1.5,2.18,2.32,lime,NV
V_15-frame210.jpg,0,0,0.01,0.01,0.01,0.01,1.04,1,1.83,1.71,2.35,2.24,red,NV
V_15-frame215.jpg,0.18,0.14,0.77,0.01,0.98,0.01,1.11,1,0,0.02,0,0,blue,NV
V_15-frame215.jpg,0.17,0.31,0.77,0.7,0.01,0.01,1.09,1,1.88,1.79,2.51,2.58,lime,NV
V_15-frame215.jpg,0.32,0.23,0.48,0.6,0.01,1.01,0.91,1,1.69,1.66,2.17,2.48,red,NV
V_15-frame215.jpg,0.02,0.16,0.48,0.73,0.66,1.16,0.99,1,1.65,1.65,2.32,2.32,black,NV
V_15-frame227.jpg,0.28,0.39,0.01,0.78,0.01,0.01,0.94,1,0,0.02,0,0,blue,V
V_15-frame227.jpg,0.23,0.22,0.48,0.56,0.66,0.01,0.94,1,1.63,1.58,2.07,2.13,lime,NV
V_15-frame227.jpg,0.01,0.2,0.01,0.7,0.01,1.23,0.98,1,1.8,1.93,2.58,2.72,red,NV
V_15-frame234.jpg,0.25,0.19,0.57,0.83,0.01,1.34,1.16,1,1.48,1.68,2,2.43,blue,V
V_15-frame234.jpg,0.4,0.16,0.52,0.7,0.01,0.01,1.02,1,1.84,1.7,2.42,2.4,lime,NV
V_15-frame234.jpg,0.19,0.19,0.59,0.86,0.01,1.42,0.98,1,1.81,1.79,2.44,2.76,red,NV
V_766-frame2.jpg,0.25,0.36,0.69,0.89,0.01,0.61,1.04,1,0,0.01,0,0,blue,NV
V_766-frame2.jpg,0.23,0.23,0.62,0.63,0.57,0.11,1.05,1,0,0.01,0,0,lime,NV
V_766-frame2.jpg,0.49,0.37,0.95,0,0.01,0.01,1.05,1,0,0.01,0,0,red,NV
V_766-frame2.jpg,0.12,0.17,0,0.55,0,0.47,1.09,1,0,0.01,0,0,black,V
V_766-frame2.jpg,0.39,0.32,0.65,0.65,0.01,0.54,1.07,1,1.92,1.99,2.63,2.65,white,V
V_766-frame4.jpg,0.4,0.3,0.68,0.88,0.01,0.55,0.98,1,0,0.01,0,0,blue,NV
V_766-frame4.jpg,0.38,0.48,0.95,0.79,0.01,0.01,1.05,1,0,0.01,0,0,lime,NV
V_766-frame4.jpg,0.34,0.25,0,1.11,0.01,1.01,0.01,1,0,0.01,0,0,red,NV
V_766-frame4.jpg,0.2,0.26,0.01,0.01,0.01,0.01,0.94,1,0,1.85,0,0,black,NV
V_766-frame4.jpg,0.18,0.19,0,0.63,0,0.61,1,1,0,0.01,0,0,white,V
V_766-frame4.jpg,0.34,0.34,0.72,0,1.05,0,1.02,1,1.74,1.8,2.37,2.38,cyan,V
V_766-frame9.jpg,0.23,0.26,0.64,0,0.57,0,0.99,1,1.51,1.56,2.16,2.25,blue,V
V_766-frame9.jpg,0.21,0.22,0.61,0.52,0.64,0.01,1.04,1,1.86,1.23,2.57,1.95,lime,V
V_766-frame9.jpg,0.39,0.3,0.64,0.72,1.08,1.14,1.03,1,1.79,1.71,2.4,2.55,red,NV
V_766-frame20.jpg,0.5,0.24,0.69,0.68,0.02,0.02,1.02,1,0,0.03,0,0,blue,NV
V_766-frame20.jpg,0.38,0.38,0.82,0.71,0.01,1.75,1.05,1,0,0.02,0,0,lime,NV
V_766-frame20.jpg,0.25,0.25,0.69,0,0.41,0,1.03,1,1.43,0.01,0,0,red,V
V_766-frame20.jpg,0.48,0.26,0.86,1,0.02,0.02,1,1,0,0.03,0,0,black,NV
V_766-frame20.jpg,0.28,0.28,0.74,0.74,0,0.41,0.9,1,1.33,1.8,1.98,2.44,white,V
V_766-frame20.jpg,0.01,0.45,0.74,0.01,0.96,0.02,0.95,1,1.81,1.71,2.45,2.39,cyan,NV
V_766-frame20.jpg,0,0.31,0.57,0,0.97,0.01,1.02,1,1.57,1.57,1.99,2.12,yellow,NV
V_766-frame29.jpg,0.4,0.38,0.64,0.01,0.19,0.01,1.08,1,0,0.02,0,0,blue,NV
V_766-frame29.jpg,0.45,0.26,0.69,0.85,0.02,0.02,1.01,1,0,0.03,0,0,lime,NV
V_766-frame29.jpg,0.28,0.28,0.68,0,0.46,0,0.98,1,1.56,1.56,0,0,red,V
V_766-frame29.jpg,0.34,0.4,0.86,0.85,1.12,0.62,0.99,1,1.65,1.69,2.05,2.31,black,V
V_766-frame29.jpg,0.25,0.31,0.65,0.65,1,0.92,1.06,1,1.72,1.7,2.16,2.31,white,NV
V_766-frame29.jpg,0,0.14,0.7,0.01,0.87,0.01,1.01,1,1.58,1.58,2.05,0,cyan,NV
V_766-frame42.jpg,0.46,0.26,0.01,0.84,0.02,0.99,0.97,1,0,0.03,0,0,blue,NV
V_766-frame42.jpg,0.35,0.35,0.75,1.99,0.46,2.59,1.06,1,1.53,1.67,2.28,2.39,lime,NV
V_766-frame42.jpg,0.36,0.37,0.75,0.76,1.15,1.12,1.02,1,1.73,1.71,2.44,2.42,red,V
V_766-frame51.jpg,0.33,0.37,0.82,0.81,0.22,0.32,1.05,1,0,0.02,0,0,blue,NV
V_766-frame51.jpg,0.31,0.27,0.78,0.62,0.98,0,0.97,1,1.81,0.01,0,0,lime,V
V_766-frame51.jpg,0.24,0.25,0,0.63,0,0.89,1,1,1.65,1.76,0,2.08,red,V
V_766-frame51.jpg,0.36,0.3,0.59,0.77,0.98,1.04,0.98,1,1.74,1.72,2.38,2.36,black,NV
V_766-frame55.jpg,0.22,0.4,0.82,0.83,0.26,1.02,1.07,1,0,0.02,0,0,blue,NV
V_766-frame55.jpg,0.18,0.36,0.82,0.84,0.15,0.38,1.1,1,0,0.02,0,0,lime,NV
V_766-frame55.jpg,0.07,0.13,0.48,0.57,0.96,0.67,1.02,1,1.53,1.75,1.95,0,red,V
V_766-frame55.jpg,0.25,0.31,0.78,0,0.61,0,1,1,0,1.49,0,0,black,V
V_766-frame55.jpg,0.28,0.37,0.65,0.73,1.03,1.1,1.09,1,3.02,1.8,0,2.36,white,NV
V_766-frame64.jpg,0.47,0.47,0.89,0.8,0.34,0.62,1.14,1,0,0.02,0,0,blue,NV
V_766-frame64.jpg,0.33,0.62,0.91,0.75,1.05,1.05,1.03,1,0,1.36,0,0,lime,NV
V_766-frame64.jpg,0.37,0.32,0.71,0.74,0.01,0.01,1.05,1,0,0.02,0,0,red,NV
V_766-frame64.jpg,0.19,0.19,0.47,0.47,0.72,0.43,0.9,1,1.24,1.73,0,0,black,V
V_766-frame64.jpg,0.19,0.14,0.65,0,0.66,0,1.05,1,1.6,0.01,0,0,white,V
V_766-frame64.jpg,0.37,0.35,0.69,0.7,0.01,1.07,0.93,1,0,1.7,0,2.41,cyan,NV
V_766-frame64.jpg,0,0.56,0.86,0.01,0.3,0.01,1.07,1,0,0.02,0,0,yellow,NV
V_766-frame71.jpg,0.36,0.64,0.93,0.76,0.02,1.06,1.06,1,0,1.39,0,0,blue,NV
V_766-frame71.jpg,0.32,0.33,0.01,0.79,0.01,0.49,0.01,1,0,0.02,0,0,lime,NV
V_766-frame71.jpg,0.29,0.28,0.62,0.8,0.83,0.49,0.94,1,1.58,1.82,2.04,2.43,red,V
V_766-frame71.jpg,0.14,0.14,0.59,0.77,0.57,0.01,1.1,1,1.85,1.75,2.62,0,black,V
V_766-frame71.jpg,0.39,0.39,0.69,0.69,1.06,1.09,1.02,1,1.78,1.79,2.57,2.5,white,NV
V_766-frame74.jpg,0.44,0.51,0.9,0.94,0.48,0.02,1.1,1,0,0.02,0,0,blue,NV
V_766-frame74.jpg,0.33,0.33,0.73,0.84,0.91,0.64,0.91,1,1.42,1.72,0,0,lime,V
V_766-frame74.jpg,0.14,0.22,0.5,0.54,0.48,0.74,1.08,1,1.77,1.79,0,0,red,V
V_766-frame74.jpg,0.39,0.39,0.7,0.7,1.06,1.06,1.02,1,1.69,1.79,2.47,2.48,black,NV
V_766-frame84.jpg,1.45,0.39,0.79,1.81,1.14,0.01,1.02,1,0,0.02,0,0,blue,NV
V_766-frame84.jpg,0.24,0.42,0.68,0.01,0.22,0.02,0.92,1,0,3.13,0,5.1,lime,NV
V_766-frame84.jpg,0.46,0.34,0.57,0.84,0.02,0.02,1.03,1,0,0.03,0,0,red,NV
V_766-frame84.jpg,0.26,0.33,0.76,1,0.02,0.02,0.96,1,0,0.03,0,0,black,NV
V_766-frame84.jpg,0.22,0.21,0,0.67,0,1.02,0.98,1,1.28,1.75,1.94,2.41,white,V
V_766-frame84.jpg,0.26,0.31,0.7,0.45,0.4,0,1.01,1,1.62,0.01,0,0,cyan,V
V_766-frame84.jpg,0.4,0.31,0.64,0.7,1.08,1.04,1.03,1,1.64,1.71,2.42,2.41,yellow,NV
V_766-frame91.jpg,0.21,0.21,0.01,0.64,0.01,0.28,0.92,1,0,0.02,0,0,blue,NV
V_766-frame91.jpg,0.29,0.52,0.83,0.01,0.02,0.02,0.02,1,0,3.78,0,5.99,lime,NV
V_766-frame91.jpg,0.19,0.1,0,0.83,0.01,0.01,0.92,1,0,0.01,0,0,red,NV
V_766-frame91.jpg,0.1,0.11,0.66,0,0.67,0.01,1.04,1,1.78,0.01,2.66,0,black,V
V_766-frame91.jpg,0.14,0.14,0.49,0.35,0.61,0.56,0.9,1,1.44,1.72,2.02,2.15,white,V
V_766-frame91.jpg,0.39,0.32,0.57,0.77,1.03,1.04,1.03,1,1.67,1.7,2.33,2.41,cyan,NV
V_766-frame91.jpg,0,0.51,0.94,0.01,0.28,0.01,1.15,1,0,0.02,0,0,yellow,NV
V_766-frame96.jpg,0.38,0.34,0.84,0.75,1.15,0.86,0.97,1,1.6,1.64,2.18,2.38,blue,V
V_766-frame96.jpg,0.3,0.32,0.63,0.73,1.07,1.14,0.99,1,1.74,1.7,2.43,2.41,lime,NV
V_766-frame96.jpg,0,0.06,0.62,0,0,0,0.95,1,1.56,1.51,2.36,2.19,red,V
V_766-frame100.jpg,0.22,0.08,0.61,0,0.56,0.01,0.98,1,1.59,1.6,2.42,2.42,blue,V
V_766-frame100.jpg,0.31,0.38,0,0.76,0.01,0.48,1.01,1,1.56,1.71,2.19,2.47,lime,V
V_766-frame100.jpg,0.31,0.39,0.69,0.73,1.07,1.14,0.95,1,1.7,1.72,2.41,2.44,red,NV
V_766-frame104.jpg,0.32,0.25,0.8,0,0.74,0.01,1.06,1,1.76,1.8,2.63,2.79,blue,V
V_766-frame104.jpg,0.08,0.08,0.48,0.33,0.01,0.55,0.9,1,0,1.71,0,2.36,lime,V
V_766-frame104.jpg,0.33,0.41,0.68,0.84,1.1,1.26,1.02,1,1.7,1.87,2.61,2.59,red,NV
NV_18-frame2.jpg,0.29,0.29,0.8,0.0,0.63,0.0,1.11,1.0,0.0,0.0,0.0,0.0,blue,NV
NV_18-frame8.jpg,0.31,0.27,0.86,0.0,1.23,0.0,1.21,1.0,0.0,0.0,0.0,0.0,blue,NV
NV_18-frame15.jpg,0.34,0.31,0.95,0.74,1.47,1.01,1.05,1.0,0.0,0.0,0.0,0.0,blue,NV
NV_18-frame25.jpg,0.38,0.31,0.84,0.6,1.4,0.87,0.95,1.0,0.0,0.0,0.0,0.0,blue,NV
NV_18-frame38.jpg,0.34,0.32,0.79,0.53,1.34,0.99,0.97,1.0,0.0,0.0,0.0,0.0,blue,NV
NV_18-frame45.jpg,0.34,0.33,0.83,0.83,1.29,0.0,0.99,1.0,0.0,0.0,0.0,0.0,blue,NV
NV_18-frame46.jpg,0.32,0.32,0.8,0.76,1.24,0.88,0.99,1.0,0.0,0.0,0.0,0.0,blue,NV
NV_18-frame56.jpg,0.24,0.3,0.8,0.0,1.31,0.0,1.04,1.0,0.0,0.0,0.0,0.0,blue,NV
NV_18-frame62.jpg,0.36,0.32,1.0,0.0,0.0,0.0,1.03,1.0,0.0,0.01,0.0,0.0,blue,NV
NV_18-frame64.jpg,0.26,0.29,0.96,0.0,1.56,0.0,1.05,1.0,0.0,0.0,0.0,0.0,blue,NV
NV_18-frame73.jpg,0.32,0.32,1.13,0.0,1.81,0.0,0.0,1.0,0.0,0.01,0.0,0.0,blue,NV
NV_18-frame82.jpg,0.39,0.39,0.87,0.92,1.13,0.62,1.1,1.0,0.0,0.01,0.0,0.0,blue,NV
NV_18-frame90.jpg,0.01,0.19,0.01,0.56,0.01,0.01,1.0,1.0,1.79,1.8,0.0,0.0,blue,NV
NV_18-frame90.jpg,0.03,0.19,0.63,0.53,0.93,0.99,1.02,1.0,1.85,1.85,2.52,2.52,lime,NV
NV_18-frame92.jpg,0.16,0.31,0.01,0.53,0.01,0.01,1.01,1.0,1.69,1.69,2.35,2.38,blue,NV
NV_18-frame92.jpg,0.23,0.02,0.54,0.67,0.96,1.03,1.08,1.0,1.73,1.73,2.67,2.5,lime,NV
NV_18-frame104.jpg,0.19,0.19,0.57,0.63,0.92,1.09,1.02,1.0,1.85,1.99,2.61,2.76,blue,NV
NV_18-frame125.jpg,0.27,0.27,0.71,0.59,0.56,0.5,0.0,1.0,0.0,0.01,0.0,0.0,blue,NV
NV_18-frame125.jpg,224.76,187.01,299.98,456.08,1.05,417.17,1.02,1.0,0.01,1.72,0.02,0.02,lime,NV
NV_18-frame132.jpg,77.0,65.51,156.98,203.16,1.05,160.64,1.02,1.0,0.01,1.72,0.02,0.02,blue,NV
NV_18-frame132.jpg,208.6,207.17,364.31,424.81,1.05,390.0,1.02,1.0,0.01,1.72,0.02,0.02,lime,NV
NV_42-frame1.jpg,0.25,0.26,0.62,0.64,0.71,0.73,1.0,1.0,1.74,1.75,2.45,2.47,blue,NV
NV_42-frame8.jpg,0.28,0.28,0.69,0.72,0.79,0.81,1.02,1.0,1.95,1.82,2.64,2.6,blue,NV
NV_42-frame12.jpg,0.28,0.28,0.67,0.62,0.69,0.81,1.0,1.0,1.84,1.74,2.48,2.48,blue,NV
NV_42-frame29.jpg,0.34,0.27,0.71,0.71,1.05,1.2,0.98,1.0,1.66,1.53,2.02,2.12,blue,NV
NV_42-frame38.jpg,0.31,0.39,0.82,0.83,1.37,1.31,1.03,1.0,1.81,1.57,2.33,2.3,blue,NV
NV_42-frame39.jpg,0.3,0.39,0.78,0.81,1.33,1.27,1.03,1.0,1.8,1.56,2.2,2.3,blue,NV
NV_42-frame43.jpg,0.35,0.27,0.64,0.73,1.14,1.22,1.0,1.0,1.68,1.54,2.16,2.28,blue,NV
NV_42-frame54.jpg,0.35,0.27,0.65,0.72,1.16,1.14,1.02,1.0,1.68,1.67,2.31,2.4,blue,NV
NV_42-frame64.jpg,0.34,0.27,0.63,0.71,1.13,1.13,0.98,1.0,1.74,1.64,2.28,2.33,blue,NV
NV_42-frame75.jpg,0.28,0.36,0.7,0.64,1.18,1.13,1.01,1.0,1.74,1.73,2.45,2.46,blue,NV
NV_42-frame83.jpg,0.31,0.24,0.52,0.64,0.94,0.95,1.0,1.0,1.68,1.68,2.33,2.34,blue,NV
NV_42-frame88.jpg,0.34,0.26,0.57,0.71,1.03,1.17,0.98,1.0,1.8,1.88,2.54,2.57,blue,NV
NV_42-frame91.jpg,0.26,0.35,0.65,0.7,1.03,1.03,0.99,1.0,1.8,1.83,2.53,2.55,blue,NV
NV_42-frame98.jpg,0.33,0.26,0.64,0.68,1.02,1.02,0.97,1.0,1.69,1.81,2.4,2.52,blue,NV
